collection,type,parent
Analyse,collection,Collections
Bulletin de veille mensuel,collection,Collections
Bulletin de veille sociale,collection,Collections
Bulletin de veille technologique,collection,Collections
Bulletin mensuel de conjoncture,collection,Collections
Chiffres et données,collection,Collections
Deux minutes pour comprendre,collection,Collections
Documents de travail du CEP,collection,Collections
Graph'Agri,collection,Collections
Hors collection,collection,Collections
Infos rapides,collection,Collections
Les Dossiers,collection,Collections
Lettre de conjoncture,collection,Collections
Memento,collection,Collections
Notes de lecture,collection,Collections
Notes et études socio-économiques,collection,Collections
Ouvrages et rapports,collection,Collections
Primeur,collection,Collections
Synthèses conjoncturelles,collection,Collections
Tableau de bord,collection,Collections
