collection,type,parent
Infos rapides - Alimentation animale,sous-collection,Infos rapides
Synthèses conjoncturelles - Animaux de boucherie,sous-collection,Synthèses conjoncturelles
Infos rapides - Animaux de boucherie,sous-collection,Infos rapides
Autres Collections - Statistique Publique,sous-collection,Hors collection
Infos rapides - Aviculture,sous-collection,Infos rapides
Synthèses conjoncturelles - Aviculture,sous-collection,Synthèses conjoncturelles
Bilan annuel de l'emploi agricole 2020,sous-collection,Chiffres et données
Bilan conjoncturel,sous-collection,Synthèses conjoncturelles
Synthèses conjoncturelles - Bois,sous-collection,Synthèses conjoncturelles
Tableaux de bord - Bois,sous-collection,Tableaux de bord
Infos rapides - Bois et dérivés,sous-collection,Infos rapides
Infos rapides - Climatologie,sous-collection,Infos rapides
Infos rapides - Commerce extérieur,sous-collection,Infos rapides
Tableaux de bord - Commerce extérieur,sous-collection,Tableaux de bord
Synthèses conjoncturelles - Commerce extérieur,sous-collection,Synthèses conjoncturelles
Synthèses conjoncturelles - Consommation,sous-collection,Synthèses conjoncturelles
Synthèses conjoncturelles - Coûts de production,sous-collection,Synthèses conjoncturelles
Infos rapides - Coûts de production,sous-collection,Infos rapides
Tableaux de bord - Coûts de production,sous-collection,Tableaux de bord
Infos rapides - Engrais,sous-collection,Infos rapides
Synthèses conjoncturelles - Fruits,sous-collection,Synthèses conjoncturelles
Infos rapides - Fruits,sous-collection,Infos rapides
Infos rapides - Grandes cultures,sous-collection,Infos rapides
Synthèses conjoncturelles - Grandes cultures,sous-collection,Synthèses conjoncturelles
Graph'Agri 2019,sous-collection,Graph'Agri
Graph'Agri 2020,sous-collection,Graph'Agri
Graph'Agri 2021,sous-collection,Graph'Agri
Graph'Agri 2022,sous-collection,Graph'Agri
Graph'Agri 2023,sous-collection,Graph'Agri
Graph'Agri 2024,sous-collection,Graph'Agri
Graph'Agri 2025,sous-collection,Graph'Agri
Synthèses conjoncturelles - IAA,sous-collection,Synthèses conjoncturelles
Infographie,sous-collection,Hors collection
Synthèses conjoncturelles - Lait,sous-collection,Synthèses conjoncturelles
Infos rapides - Lait,sous-collection,Infos rapides
Synthèses conjoncturelles - Légumes,sous-collection,Synthèses conjoncturelles
Infos rapides - Légumes,sous-collection,Infos rapides
Memento 2017,sous-collection,Memento
Memento 2018,sous-collection,Memento
Memento 2018 - en,sous-collection,Memento
Memento 2019,sous-collection,Memento
Memento 2020,sous-collection,Memento
Memento 2020 - en,sous-collection,Memento
Memento 2021,sous-collection,Memento
Memento 2021 - en,sous-collection,Memento
Memento 2022,sous-collection,Memento
Memento 2022 - en,sous-collection,Memento
Memento 2023,sous-collection,Memento
Memento 2023  - en,sous-collection,Memento
Memento 2024,sous-collection,Memento
Memento 2024 - en,sous-collection,Memento
Memento 2025,sous-collection,Memento
Memento 2025 - en,sous-collection,Memento
Mémento France Régions,sous-collection,Memento
Infos rapides - Prairies,sous-collection,Infos rapides
Infos rapides - Prix,sous-collection,Infos rapides
Synthèses conjoncturelles - Viticulture,sous-collection,Synthèses conjoncturelles
Infos rapides - Viticulture,sous-collection,Infos rapides
