line_number,malformed_disaron_id
2013,Irafru20111
2014,Irafru20112
2015,Irafru20113
2016,Irafru20114
2017,Irafru20123
2018,Irafru20124
2019,Irafru20125
2020,Irafru20142
2021,Irafru20143
2022,Irafru20162
2023,Irafru20163
2024,Irafru20169
2025,Irafru2092
2026,Irafru2094
2027,Irafru2095
2028,Irafru21009
2029,Iralai2302
2030,Iralai2316
2031,Iraleg21141
2032,Iraleg21142
2033,Iraleg21160
2034,Iraleg21161
2035,Iraleg21162
2036,Iraleg21163
2037,Iraleg21172
2039,iraCpr2099
2040,iraCpr2099
2041,iraLeg20149
2042,iraLeg20150
2043,iraLeg20151
2044,iraLeg20152
